iter,n_resources,mean_fit_time,std_fit_time,mean_score_time,std_score_time,param_model__alpha,param_model__fit_intercept,param_model__precompute,param_model__selection,params,split0_test_score,split1_test_score,split2_test_score,split3_test_score,split4_test_score,split5_test_score,split6_test_score,split7_test_score,split8_test_score,split9_test_score,mean_test_score,std_test_score,rank_test_score,split0_train_score,split1_train_score,split2_train_score,split3_train_score,split4_train_score,split5_train_score,split6_train_score,split7_train_score,split8_train_score,split9_train_score,mean_train_score,std_train_score
0,194,0.0075169563293457035,0.007663137649786843,0.002779388427734375,0.0022460485373770253,1e-10,True,True,cyclic,"{'model__alpha': 1e-10, 'model__fit_intercept': True, 'model__precompute': True, 'model__selection': 'cyclic'}",-0.5943892147716954,0.5277249375928712,0.22531790338595248,0.5342255512017797,0.15947730944898997,0.5613495178111838,0.39031522960648524,0.07150588785309309,0.5820248154545515,0.34305176357256373,0.28006037011557755,0.3373517301832269,85,0.7524172255713499,0.7018492423189197,0.6969210133059517,0.6725174005877537,0.6777368261577811,0.7098511274776412,0.6167011230495849,0.6962135612878976,0.7250025790657704,0.705431727226603,0.6954641826049254,0.033926963511178236
0,194,0.004411816596984863,0.0003256456769526014,0.0018227577209472656,9.736571082337995e-05,1e-10,True,True,random,"{'model__alpha': 1e-10, 'model__fit_intercept': True, 'model__precompute': True, 'model__selection': 'random'}",-0.583569447910814,0.5317506832436353,0.2246587034978882,0.5346247678222624,0.1593087613913321,0.5615897696533043,0.395717794349032,0.07691763354969183,0.5817115553890994,0.3457623066660672,0.2828472527651499,0.33478242687726656,65,0.7524036288554047,0.701833311927055,0.6969179857926862,0.672516279050428,0.6777243802387326,0.7098357835493723,0.6165842476077035,0.696203030649008,0.7249992051414491,0.705410905646734,0.6954428758458573,0.03395065541032792
0,194,0.009816122055053712,0.0012528835300111797,0.003079652786254883,0.0016618241326835934,1e-10,True,False,cyclic,"{'model__alpha': 1e-10, 'model__fit_intercept': True, 'model__precompute': False, 'model__selection': 'cyclic'}",-0.5943892147715364,0.5277249375928832,0.22531790338616542,0.5342255512017386,0.15947730944887695,0.5613495178111303,0.39031522960647913,0.07150588785341105,0.5820248154545372,0.3430517635725866,0.2800603701156272,0.3373517301831589,83,0.7524172255713499,0.7018492423189197,0.6969210133059518,0.6725174005877537,0.6777368261577812,0.7098511274776411,0.6167011230495849,0.6962135612878975,0.7250025790657704,0.705431727226603,0.6954641826049254,0.03392696351117822
0,194,0.009495043754577636,0.0010639085614513018,0.0029062747955322264,0.0007440002775592627,1e-10,True,False,random,"{'model__alpha': 1e-10, 'model__fit_intercept': True, 'model__precompute': False, 'model__selection': 'random'}",-0.5807887887503009,0.5323027901295475,0.22420951408141632,0.5344401168321968,0.15927221643937794,0.5614208831101338,0.39528046589701815,0.08304908274345091,0.5816716311643456,0.3465545175073531,0.28374124291545394,0.33370853402063677,58,0.752395932802824,0.7018298363234772,0.6969124037344061,0.6725170142698207,0.67772210807199,0.7098238457414643,0.6166163726146677,0.6961791523024405,0.7250001099271743,0.7054026862480853,0.6954399462036351,0.033941160920590206
0,194,0.004721617698669434,0.0005049819698474432,0.0022037744522094725,0.00030965149432391533,1e-10,False,True,cyclic,"{'model__alpha': 1e-10, 'model__fit_intercept': False, 'model__precompute': True, 'model__selection': 'cyclic'}",-0.5398478232314536,0.6081112881200164,0.30076470520472476,0.4607461459614245,0.2402361995109088,0.5673820602710009,0.4053158657082465,0.06188374091947768,0.6110463038072043,0.3625962710730205,0.30782347573445706,0.32696001761986554,54,0.7480706008984999,0.6869776068603954,0.6900392344403987,0.6587121336864588,0.6678385265700788,0.7006921676127583,0.6126603018117383,0.680384232569366,0.7235021832183303,0.6963027384576504,0.6865179726125674,0.0347569885979298
0,194,0.004692649841308594,0.000355225508180158,0.002152895927429199,0.0001886741796495899,1e-10,False,True,random,"{'model__alpha': 1e-10, 'model__fit_intercept': False, 'model__precompute': True, 'model__selection': 'random'}",-0.5251435819981027,0.6080336499066812,0.30187306569828587,0.4620578473779279,0.24299916552001188,0.567383863805157,0.4081254299400998,0.06194475811896072,0.6112624652436637,0.3651191907355531,0.31036558543482384,0.3232905697446928,34,0.7480509926467168,0.6869775862385619,0.6900299927030908,0.6587097452846067,0.6678123148075624,0.7006916029186445,0.6126411317835223,0.6803842238542513,0.7234979016405616,0.6962637055776861,0.6865059197455203,0.0347575207909833
0,194,0.011409831047058106,0.0010926842509388624,0.002880358695983887,0.0006279966866471653,1e-10,False,False,cyclic,"{'model__alpha': 1e-10, 'model__fit_intercept': False, 'model__precompute': False, 'model__selection': 'cyclic'}",-0.5398478232320525,0.6081112881199916,0.30076470520458853,0.46074614596135977,0.2402361995109067,0.5673820602710369,0.40531586570829625,0.06188374091929805,0.6110463038070344,0.3625962710731212,0.3078234757343581,0.32696001762001964,57,0.7480706008985001,0.6869776068603954,0.6900392344403987,0.6587121336864589,0.6678385265700788,0.7006921676127583,0.6126603018117381,0.680384232569366,0.7235021832183304,0.6963027384576504,0.6865179726125674,0.03475698859792986
0,194,0.010455846786499023,0.0014998608294870138,0.0023892879486083984,0.00023368582648654416,1e-10,False,False,random,"{'model__alpha': 1e-10, 'model__fit_intercept': False, 'model__precompute': False, 'model__selection': 'random'}",-0.5248712384368197,0.6083037246564327,0.3014605889536591,0.46147340205542353,0.24307442780984911,0.5672752636101258,0.40797324570517823,0.061756469673819314,0.611319018180568,0.3650660396269334,0.31028309418351696,0.3232228377915108,37,0.7480508628801974,0.6869775107369696,0.6900341436931523,0.6587114706170016,0.6678137646563347,0.7006911801199429,0.6126416633462108,0.6803825886796455,0.7234973205792917,0.6962623486099699,0.6865062853918718,0.03475712252060679
0,194,0.005648350715637207,0.0010004097640766044,0.003206157684326172,0.0010963098795944838,1e-08,True,True,cyclic,"{'model__alpha': 1e-08, 'model__fit_intercept': True, 'model__precompute': True, 'model__selection': 'cyclic'}",-0.5943892147717069,0.5277249375929645,0.2253179033859395,0.5342255512017873,0.15947730944899707,0.561349517811164,0.39031522960648135,0.07150588785332923,0.5820248154545338,0.3430517635724749,0.2800603701155965,0.3373517301832177,84,0.7524172255713498,0.7018492423189197,0.6969210133059518,0.6725174005877537,0.6777368261577812,0.7098511274776411,0.6167011230495847,0.6962135612878975,0.7250025790657704,0.7054317272266029,0.6954641826049253,0.03392696351117825
0,194,0.004269194602966308,0.0003781667564874924,0.0022106170654296875,0.0006132697494790839,1e-08,True,True,random,"{'model__alpha': 1e-08, 'model__fit_intercept': True, 'model__precompute': True, 'model__selection': 'random'}",-0.5862724795821503,0.532137716524311,0.22438749804876645,0.5344358149381953,0.15939765855088006,0.5613928581078741,0.3955739495807311,0.08057832374490259,0.5815649433081759,0.3457905515058025,0.2828986834727488,0.3352418183121551,63,0.7524090601130549,0.7018306116072911,0.696910612574493,0.6725170864403403,0.6777283441828037,0.709823214620416,0.6165839776458126,0.696190952300449,0.7249983684773691,0.7054090676444567,0.6954401295606486,0.03395059889950283
0,194,0.010478353500366211,0.0014693049967676843,0.002485823631286621,0.0003406109110723905,1e-08,True,False,cyclic,"{'model__alpha': 1e-08, 'model__fit_intercept': True, 'model__precompute': False, 'model__selection': 'cyclic'}",-0.5943892147714214,0.5277249375930017,0.22531790338615199,0.5342255512017812,0.1594773094489098,0.5613495178111543,0.390315229606537,0.07150588785370626,0.5820248154545489,0.3430517635726008,0.28006037011569707,0.3373517301831269,82,0.7524172255713497,0.7018492423189197,0.6969210133059517,0.6725174005877537,0.6777368261577812,0.709851127477641,0.6167011230495845,0.6962135612878975,0.7250025790657704,0.7054317272266029,0.695464182604925,0.03392696351117828
0,194,0.010173320770263672,0.001113060444566171,0.0029906988143920898,0.0010483839261894996,1e-08,True,False,random,"{'model__alpha': 1e-08, 'model__fit_intercept': True, 'model__precompute': False, 'model__selection': 'random'}",-0.5875363794633071,0.5311531963116762,0.22483344753707202,0.5344821585426307,0.15932994529323974,0.5614684912912052,0.3954532516563638,0.0795837048243696,0.5818608076192959,0.34599487362709325,0.2826623497239639,0.33558726481807555,68,0.7524109912054169,0.7018378909805021,0.6969157460553553,0.6725168109300048,0.6777300268304962,0.7098243059323668,0.6165944291294624,0.6961962278077443,0.7250008126127124,0.705408041390519,0.695443528287458,0.03394882615305313
0,194,0.00446317195892334,0.0005073481758534256,0.0022868871688842773,0.00045680068283798,1e-08,False,True,cyclic,"{'model__alpha': 1e-08, 'model__fit_intercept': False, 'model__precompute': True, 'model__selection': 'cyclic'}",-0.5398478232319694,0.6081112881201487,0.3007647052046012,0.4607461459615607,0.24023619951093256,0.567382060271049,0.4053158657083077,0.061883740919191244,0.6110463038070426,0.36259627107313475,0.30782347573439994,0.3269600176200317,55,0.7480706008985001,0.6869776068603954,0.6900392344403987,0.6587121336864589,0.6678385265700786,0.7006921676127583,0.6126603018117381,0.6803842325693659,0.7235021832183303,0.6963027384576502,0.6865179726125674,0.034756988597929854
0,194,0.00506436824798584,0.0012163590142178842,0.0022067785263061523,0.00035187339326382276,1e-08,False,True,random,"{'model__alpha': 1e-08, 'model__fit_intercept': False, 'model__precompute': True, 'model__selection': 'random'}",-0.5244577296504598,0.6081948663409431,0.3002556817898575,0.46144281428130873,0.24338282740356498,0.5674935059750431,0.40763046347248877,0.062202453509579536,0.6112895905775804,0.3651055622494268,0.3102540035949333,0.323072319856077,38,0.748049333827964,0.6869775882859915,0.6900339879452975,0.6587115385437956,0.6678065472833818,0.7006914833845449,0.6126466233364423,0.6803819928425916,0.7234979384641818,0.6962547868656194,0.6865051820779811,0.03475605548145667
0,194,0.013414430618286132,0.00758151220175468,0.0025248289108276366,0.0006725659604993206,1e-08,False,False,cyclic,"{'model__alpha': 1e-08, 'model__fit_intercept': False, 'model__precompute': False, 'model__selection': 'cyclic'}",-0.5398478232319488,0.6081112881200166,0.3007647052046001,0.4607461459614156,0.24023619951095154,0.5673820602710495,0.4053158657083431,0.061883740919295493,0.6110463038070582,0.36259627107313375,0.3078234757343915,0.32696001762000165,56,0.7480706008985001,0.6869776068603954,0.6900392344403987,0.6587121336864588,0.6678385265700788,0.7006921676127584,0.6126603018117383,0.6803842325693659,0.7235021832183303,0.6963027384576504,0.6865179726125674,0.03475698859792984
0,194,0.011910152435302735,0.0026526747745951604,0.003086543083190918,0.0008659667798612304,1e-08,False,False,random,"{'model__alpha': 1e-08, 'model__fit_intercept': False, 'model__precompute': False, 'model__selection': 'random'}",-0.517949402809057,0.6080385310302227,0.3010088170085904,0.46118188417537853,0.24338349845858187,0.5674347712084833,0.40816814185435113,0.06196408607927961,0.6113296632585341,0.36529887452621457,0.3109858864790579,0.3214002198507659,30,0.7480304381984371,0.6869775886108649,0.6900345729853705,0.6587118703800539,0.6678050292887339,0.7006907731669529,0.6126399193582293,0.6803841463772177,0.7234976103039863,0.6962684832440592,0.6865040431913905,0.034754478402463575
0,194,0.00899348258972168,0.007284508390582525,0.004152917861938476,0.0038149108129572344,1e-05,True,True,cyclic,"{'model__alpha': 1e-05, 'model__fit_intercept': True, 'model__precompute': True, 'model__selection': 'cyclic'}",-0.5943892146582439,0.527724937712049,0.22531790337098345,0.5342255512450466,0.1594773094849924,0.561349517837088,0.39031522966671783,0.07150588815325187,0.5820248154648322,0.3430517635849908,0.2800603701861708,0.33735173015150893,80,0.75241722557132,0.7018492423188649,0.6969210133059416,0.6725174005877519,0.6777368261577488,0.7098511274775011,0.6167011230493367,0.6962135612878422,0.7250025790657728,0.705431727226576,0.6954641826048655,0.03392696351122492
0,194,0.006033110618591309,0.0047006665572539045,0.002262783050537109,0.0009678726231320493,1e-05,True,True,random,"{'model__alpha': 1e-05, 'model__fit_intercept': True, 'model__precompute': True, 'model__selection': 'random'}",-0.5834897791024707,0.530525658740987,0.2248658012469894,0.5345613278101788,0.159311361178488,0.5615531830702021,0.395653771645878,0.07713523174144854,0.5819938425086038,0.3461424382995354,0.2828252837139841,0.33467627434603064,66,0.7524035530229334,0.7018410878749618,0.6969169586706334,0.6725164130960297,0.6777153678406387,0.7098297066572694,0.6165863257256861,0.6962039647874106,0.7250019863342536,0.7054056586970943,0.6954421022706911,0.03395059604654864
0,194,0.010190010070800781,0.0016042366458995925,0.0021582841873168945,0.0002050567012997604,1e-05,True,False,cyclic,"{'model__alpha': 1e-05, 'model__fit_intercept': True, 'model__precompute': False, 'model__selection': 'cyclic'}",-0.5943892146583496,0.5277249377121824,0.22531790337104118,0.5342255512450156,0.159477309484939,0.5613495178370321,0.39031522966671917,0.07150588815292724,0.5820248154648391,0.34305176358502054,0.28006037018613666,0.33735173015156134,81,0.75241722557132,0.7018492423188648,0.6969210133059416,0.672517400587752,0.6777368261577488,0.7098511274775011,0.6167011230493367,0.6962135612878424,0.7250025790657728,0.7054317272265759,0.6954641826048656,0.03392696351122491
0,194,0.011947441101074218,0.005414394211170716,0.002870655059814453,0.0019797536785768205,1e-05,True,False,random,"{'model__alpha': 1e-05, 'model__fit_intercept': True, 'model__precompute': False, 'model__selection': 'random'}",-0.5870882884736957,0.5312393354441035,0.22456340456172352,0.5347283869086852,0.15943759463062024,0.5612730851115086,0.395846880616079,0.0823568440095932,0.5821621356372815,0.34630580088799956,0.2830825179333899,0.33535945283003904,60,0.7524102956091953,0.7018371870050163,0.6969157054485576,0.6725159653701864,0.6777355122268371,0.7098253151838716,0.6165825901887853,0.6961844312436025,0.7250023480055652,0.7054016308389182,0.6954410981120536,0.033951179052324955
0,194,0.006348729133605957,0.0034979493202781267,0.003298020362854004,0.0013629868549366914,1e-05,False,True,cyclic,"{'model__alpha': 1e-05, 'model__fit_intercept': False, 'model__precompute': True, 'model__selection': 'cyclic'}",-0.5398478231280828,0.6081112881452615,0.30076470521555476,0.4607461460193084,0.24023619955827558,0.5673820602846131,0.4053158657564594,0.06188374091723503,0.6110463038293383,0.3625962710855207,0.30782347576834834,0.32696001760203813,52,0.7480706008984755,0.6869776068603954,0.6900392344403925,0.6587121336864585,0.6678385265700199,0.7006921676127582,0.612660301811742,0.6803842325693672,0.7235021832183283,0.696302738457631,0.686517972612557,0.03475698859792703
0,194,0.004118132591247559,0.0005020324380905723,0.002406191825866699,0.0012726940347105448,1e-05,False,True,random,"{'model__alpha': 1e-05, 'model__fit_intercept': False, 'model__precompute': True, 'model__selection': 'random'}",-0.5207685058340208,0.6084725159866592,0.3015267190390284,0.4614585069774564,0.24377230565962715,0.567191420983902,0.4088042688657275,0.06185523002580029,0.6113136559666478,0.36598765705592284,0.31096137747267505,0.32218947350842037,31,0.7480398890071551,0.686977231061652,0.6900280079496757,0.6587114286393505,0.6677991740835161,0.7006909530138249,0.612618763692645,0.6803833441596903,0.7234989947187698,0.6962334202865841,0.6864981206612863,0.03476011632113018
0,194,0.009694623947143554,0.0011202162121527002,0.002446627616882324,0.0004397320484379119,1e-05,False,False,cyclic,"{'model__alpha': 1e-05, 'model__fit_intercept': False, 'model__precompute': False, 'model__selection': 'cyclic'}",-0.5398478231291739,0.6081112881452149,0.3007647052155612,0.4607461460192024,0.2402361995582546,0.5673820602846096,0.4053158657563938,0.06188374091707938,0.6110463038292191,0.3625962710855468,0.3078234757681908,0.3269600176023111,53,0.7480706008984757,0.6869776068603954,0.6900392344403925,0.6587121336864585,0.66783852657002,0.700692167612758,0.612660301811742,0.6803842325693672,0.7235021832183283,0.696302738457631,0.6865179726125569,0.03475698859792703
0,194,0.009351968765258789,0.0013246174674183425,0.0023166179656982423,0.0005637167008712164,1e-05,False,False,random,"{'model__alpha': 1e-05, 'model__fit_intercept': False, 'model__precompute': False, 'model__selection': 'random'}",-0.530459617613823,0.6081059036735659,0.3005272518005825,0.46054286568244907,0.24246262902099402,0.5674705968117368,0.4078372940885624,0.0620843030168261,0.6113182326554607,0.36572260064122175,0.30956120597775766,0.32461898893755503,43,0.7480618818804019,0.6869776065959231,0.6900335735435846,0.6587120512026605,0.6678212101229072,0.7006912903443702,0.6126280965398685,0.6803823142702006,0.7234960944740823,0.6962293735277989,0.6865033492501798,0.03476045938260133
0,194,0.004920339584350586,0.001122431235660079,0.002020382881164551,0.0002691836024055656,0.0001,True,True,cyclic,"{'model__alpha': 0.0001, 'model__fit_intercept': True, 'model__precompute': True, 'model__selection': 'cyclic'}",-0.5943892136396955,0.5277249387860423,0.22531790323492684,0.534225551634532,0.15947730980949204,0.5613495180701573,0.39031523020887937,0.07150589084828496,0.5820248155575407,0.3430517636969016,0.28006037082070623,0.3373517298672217,79,0.7524172255710508,0.7018492423183703,0.6969210133058499,0.672517400587737,0.6777368261574561,0.7098511274762414,0.6167011230471038,0.6962135612873463,0.7250025790657952,0.7054317272263333,0.6954641826043284,0.033926963511645016
0,194,0.004915785789489746,0.0008313922919498354,0.002607989311218262,0.0012742420356902336,0.0001,True,True,random,"{'model__alpha': 0.0001, 'model__fit_intercept': True, 'model__precompute': True, 'model__selection': 'random'}",-0.5855083405318151,0.5319417856931048,0.22499314053584396,0.5345846818110208,0.15935112585901456,0.5616043424786031,0.3950732544815272,0.0816240353686647,0.5820400266053181,0.3449769999414152,0.28306810522426973,0.3349965007250715,61,0.7524067608582621,0.7018316607532729,0.6969166142696561,0.6725165267958066,0.6777187763493049,0.7098248133576095,0.6166103962909899,0.6961888276527731,0.7250018114518642,0.7054197562380685,0.6954435944017607,0.033945337046177665
0,194,0.011024141311645507,0.0020642516825895452,0.0026993513107299804,0.0013343807084090196,0.0001,True,False,cyclic,"{'model__alpha': 0.0001, 'model__fit_intercept': True, 'model__precompute': False, 'model__selection': 'cyclic'}",-0.594389213639692,0.5277249387858917,0.2253179032349102,0.5342255516345151,0.15947730980950525,0.5613495180701589,0.3903152302088978,0.0715058908486158,0.5820248155575569,0.3430517636969346,0.2800603708207294,0.3373517298671906,78,0.7524172255710508,0.7018492423183704,0.6969210133058499,0.672517400587737,0.6777368261574561,0.7098511274762415,0.6167011230471039,0.6962135612873462,0.7250025790657952,0.7054317272263333,0.6954641826043285,0.033926963511645
0,194,0.00944669246673584,0.0012720969354532512,0.002004694938659668,0.00010252193238390319,0.0001,True,False,random,"{'model__alpha': 0.0001, 'model__fit_intercept': True, 'model__precompute': False, 'model__selection': 'random'}",-0.582677249551063,0.5304462726790728,0.22431232953514513,0.5345782192920701,0.15918239445488436,0.5612398639571496,0.39629498616134284,0.07924426139176854,0.5819716826173615,0.34558519020846434,0.28301779507461966,0.33432976945772613,62,0.7524017343426276,0.7018411181388655,0.6969144700249298,0.6725164667886908,0.6777143083504275,0.7098194928426,0.6165740407582845,0.6961967428681277,0.7250017253481226,0.7054133701784617,0.6954393469641138,0.03395294065210348
0,194,0.005194854736328125,0.001699668077124221,0.0023171663284301757,0.0010452482898866218,0.0001,False,True,cyclic,"{'model__alpha': 0.0001, 'model__fit_intercept': False, 'model__precompute': True, 'model__selection': 'cyclic'}",-0.5398478222035037,0.6081112883722121,0.3007647053142022,0.46074614653982027,0.2402361999843582,0.5673820604068003,0.4053158661892112,0.06188374089687587,0.6110463040287744,0.36259627119737037,0.3078234760726121,0.32696001744300557,51,0.7480706008982564,0.6869776068603954,0.6900392344403364,0.6587121336864554,0.6678385265694908,0.7006921676127567,0.6126603018117762,0.6803842325693792,0.72350218321831,0.696302738457456,0.6865179726124613,0.03475698859790191
0,194,0.005134701728820801,0.001921499932578208,0.002329730987548828,0.0009910824102762003,0.0001,False,True,random,"{'model__alpha': 0.0001, 'model__fit_intercept': False, 'model__precompute': True, 'model__selection': 'random'}",-0.5188125657398663,0.6081338889404664,0.3012681566321447,0.46109153834555816,0.2435582879325091,0.56737947918743,0.40722892685439915,0.0619952844173175,0.611251525427571,0.36564746396994774,0.31087419859674775,0.3215865300468774,32,0.74803526414425,0.6869776056270387,0.6900337102235261,0.6587119789244409,0.6678030926696337,0.700690700943435,0.6126509624577836,0.6803842180323277,0.7234999076209637,0.6962639049586452,0.6865051345602045,0.0347531844238992
0,194,0.009285163879394532,0.000820892962834298,0.002025270462036133,0.00017216206092184681,0.0001,False,False,cyclic,"{'model__alpha': 0.0001, 'model__fit_intercept': False, 'model__precompute': False, 'model__selection': 'cyclic'}",-0.539847822203237,0.608111288372218,0.3007647053143151,0.4607461465398047,0.2402361999843876,0.5673820604067981,0.40531586618928217,0.06188374089710391,0.6110463040288804,0.36259627119741,0.3078234760726962,0.32696001744293063,50,0.7480706008982563,0.6869776068603954,0.6900392344403364,0.6587121336864554,0.6678385265694912,0.7006921676127567,0.6126603018117762,0.6803842325693792,0.7235021832183097,0.696302738457456,0.6865179726124613,0.03475698859790185
0,194,0.009428310394287109,0.001218349759669434,0.0025762319564819336,0.0008071637403594248,0.0001,False,False,random,"{'model__alpha': 0.0001, 'model__fit_intercept': False, 'model__precompute': False, 'model__selection': 'random'}",-0.5303964390634284,0.6081528985325684,0.3019688589518036,0.46142506051336296,0.24405150276137966,0.567419909735524,0.40782555114052954,0.06191668935643524,0.6114228947590283,0.36438532623376696,0.30981722529209704,0.3246071389683996,41,0.7480617130225351,0.6869776026192493,0.6900276712441136,0.6587115525133069,0.6677954914775015,0.7006914921410555,0.6126350461589047,0.6803841935323334,0.7234978080286733,0.6962845375846751,0.6865067108322349,0.034762020942305495
0,194,0.005586147308349609,0.003406485824854871,0.0018789052963256836,0.00024376618017191428,0.001,True,True,cyclic,"{'model__alpha': 0.001, 'model__fit_intercept': True, 'model__precompute': True, 'model__selection': 'cyclic'}",-0.5943892034531646,0.5277249495229703,0.22531790187366763,0.5342255555294825,0.15947731305518142,0.5613495204013779,0.3903152356305749,0.0715059178046572,0.5820248164847446,0.3430517648159166,0.28006037716654086,0.33735172702353317,77,0.7524172255683607,0.7018492423134266,0.6969210133049331,0.6725174005875871,0.6777368261545311,0.7098511274636445,0.6167011230247748,0.6962135612823857,0.7250025790660195,0.7054317272239061,0.6954641825989568,0.03392696351584629
0,194,0.006525754928588867,0.0033258582330923637,0.002784252166748047,0.0017056552131160163,0.001,True,True,random,"{'model__alpha': 0.001, 'model__fit_intercept': True, 'model__precompute': True, 'model__selection': 'random'}",-0.5874828693422598,0.531533582877622,0.2245488436333417,0.5345041561611477,0.15937881529568665,0.5615421035959829,0.3949229525762016,0.08224610428311707,0.5816714599307975,0.3457202191725366,0.2828585368184174,0.3354124755249024,64,0.752411023467028,0.701835155540818,0.6969174981505044,0.6725167648571257,0.6777254165547011,0.7098325580118092,0.6166116318650915,0.6961826919248242,0.7249998036053662,0.7054131528009273,0.6954445696778195,0.03394541825269308
0,194,0.01056499481201172,0.0029203819401253006,0.003688192367553711,0.002301884164232089,0.001,True,False,cyclic,"{'model__alpha': 0.001, 'model__fit_intercept': True, 'model__precompute': False, 'model__selection': 'cyclic'}",-0.594389203453132,0.5277249495229768,0.22531790187359824,0.5342255555295026,0.1594773130551882,0.561349520401403,0.39031523563067816,0.0715059178054589,0.5820248164847462,0.34305176481606914,0.2800603771666489,0.3373517270234865,76,0.7524172255683607,0.7018492423134266,0.6969210133049331,0.6725174005875871,0.6777368261545312,0.7098511274636445,0.6167011230247745,0.6962135612823853,0.7250025790660195,0.7054317272239061,0.6954641825989568,0.033926963515846335
0,194,0.00897672176361084,0.0008811158980297969,0.002137565612792969,0.00033196559471739375,0.001,True,False,random,"{'model__alpha': 0.001, 'model__fit_intercept': True, 'model__precompute': False, 'model__selection': 'random'}",-0.5921468567788806,0.5307435166402801,0.224500337146867,0.5342137214651109,0.15937535118042656,0.5613662295613986,0.39557481452668886,0.07917163797251114,0.5818610566516439,0.34627029470475523,0.28209301030708017,0.33676284712449805,71,0.7524162763518889,0.7018396445486617,0.6969189615687676,0.6725174001038672,0.6777249166196252,0.7098160759325247,0.6165978204895193,0.6961976240542955,0.7250009313413033,0.7054039812036001,0.6954433632214053,0.03394874504784578
0,194,0.004419183731079102,0.0006108189093710923,0.002283191680908203,0.000852846533767224,0.001,False,True,cyclic,"{'model__alpha': 0.001, 'model__fit_intercept': False, 'model__precompute': True, 'model__selection': 'cyclic'}",-0.5398478129448436,0.6081112906423731,0.30076470630185204,0.46074615174579514,0.24023620424583825,0.5673820616286587,0.4053158705181765,0.06188374069718139,0.6110463060253998,0.3625962723161067,0.3078234791176538,0.3269600158493905,49,0.7480706008960631,0.686977606860396,0.6900392344397754,0.658712133686425,0.6678385265642015,0.7006921676127414,0.6126603018121191,0.680384232569498,0.7235021832181252,0.6963027384557063,0.6865179726115052,0.03475698859765003
0,194,0.0044986486434936525,0.0015061193615911062,0.003397846221923828,0.004435329651960634,0.001,False,True,random,"{'model__alpha': 0.001, 'model__fit_intercept': False, 'model__precompute': True, 'model__selection': 'random'}",-0.5187660471287319,0.60805096815019,0.30104135298233026,0.4614444187137192,0.24291923200454013,0.5674830933617714,0.4072856888810428,0.06187816595877127,0.6112867913361559,0.3657664181015322,0.31083900823613214,0.32162184581724707,33,0.7480334049647391,0.6869775950816263,0.6900344293638198,0.6587114648858579,0.6678129472305622,0.7006912371133822,0.6126409477439841,0.6803840167390056,0.7234975469901455,0.6962446530288551,0.6865028243141977,0.03475373586814696
0,194,0.010118389129638672,0.0022697231903763535,0.002896571159362793,0.0012344876063255926,0.001,False,False,cyclic,"{'model__alpha': 0.001, 'model__fit_intercept': False, 'model__precompute': False, 'model__selection': 'cyclic'}",-0.539847812943862,0.6081112906422593,0.30076470630185537,0.46074615174580735,0.24023620424572834,0.5673820616286697,0.40531587051814266,0.061883740697375345,0.6110463060254913,0.36259627231600455,0.3078234791177471,0.32696001584912043,48,0.7480706008960629,0.686977606860396,0.6900392344397756,0.658712133686425,0.6678385265642017,0.7006921676127416,0.612660301812119,0.680384232569498,0.7235021832181251,0.6963027384557066,0.6865179726115052,0.03475698859765
0,194,0.01054532527923584,0.0016367510299136418,0.002561068534851074,0.00045966301276426097,0.001,False,False,random,"{'model__alpha': 0.001, 'model__fit_intercept': False, 'model__precompute': False, 'model__selection': 'random'}",-0.5258102847222732,0.608100802832324,0.3010666257190169,0.4610115141102392,0.24331263809192294,0.5671342077114903,0.40819231404610845,0.061914815608821394,0.6112923703345393,0.36472451393300553,0.31009395176651944,0.3233963781662047,40,0.7480530770710325,0.6869776062443876,0.6900371805503804,0.65871203428379,0.6678080715470671,0.7006905220220403,0.6126382495156145,0.6803841389301624,0.7234977368517173,0.6962609660165642,0.6865059583032755,0.03475848352565285
0,194,0.004198837280273438,0.0007956186795385825,0.001989912986755371,0.0004786326822302639,0.01,True,True,cyclic,"{'model__alpha': 0.01, 'model__fit_intercept': True, 'model__precompute': True, 'model__selection': 'cyclic'}",-0.5943891015878344,0.5277250568938419,0.22531788826048527,0.5342255944793273,0.15947734551194448,0.5613495437138368,0.3903152898486203,0.07150618737363146,0.5820248257565728,0.3430517760072773,0.2800604406257703,0.33735169858654346,75,0.7524172255414562,0.7018492422639822,0.6969210132957626,0.6725174005860814,0.6777368261252772,0.7098511273376663,0.6167011228014716,0.6962135612327698,0.725002579068257,0.705431727199631,0.6954641825452356,0.03392696355786105
0,194,0.004511117935180664,0.001157553266742883,0.002240586280822754,0.0005591608326877238,0.01,True,True,random,"{'model__alpha': 0.01, 'model__fit_intercept': True, 'model__precompute': True, 'model__selection': 'random'}",-0.5859333434666123,0.5297814887148605,0.2252257458004675,0.5344914474283886,0.15940106833608003,0.5615395814490665,0.39609024128492243,0.07855806939073973,0.5817448683302047,0.3464216441961352,0.28273208114642523,0.33514907946267514,67,0.7524084454284699,0.7018441314808767,0.6969202160005268,0.6725169137861416,0.6777337037295705,0.7098291944247088,0.6165808048610948,0.6961992786610869,0.7249993303611535,0.7053998819085082,0.6954431900642137,0.033951347187781304
0,194,0.01092982292175293,0.0027269292179491456,0.0024605274200439455,0.0010203609085609252,0.01,True,False,cyclic,"{'model__alpha': 0.01, 'model__fit_intercept': True, 'model__precompute': False, 'model__selection': 'cyclic'}",-0.5943891015875649,0.5277250568937917,0.22531788826047772,0.5342255944793697,0.1594773455120032,0.5613495437138405,0.39031528984846964,0.07150618737375347,0.5820248257566107,0.34305177600738723,0.2800604406258139,0.33735169858646447,74,0.7524172255414561,0.7018492422639822,0.6969210132957626,0.6725174005860814,0.677736826125277,0.7098511273376662,0.6167011228014718,0.6962135612327698,0.7250025790682569,0.7054317271996309,0.6954641825452356,0.033926963557860984
0,194,0.010237169265747071,0.0025047052742313497,0.0032442092895507814,0.0013819487581486533,0.01,True,False,random,"{'model__alpha': 0.01, 'model__fit_intercept': True, 'model__precompute': False, 'model__selection': 'random'}",-0.5878422122920735,0.5318819587389679,0.22476348962070303,0.5343010713107967,0.15922871585830933,0.561507133877775,0.3951438322277293,0.07777623311507209,0.5819478394250555,0.3457883853475118,0.2824496447229847,0.33581838228435523,69,0.7524107972496192,0.7018333795018762,0.6969174850654182,0.6725173414535452,0.6777222790463366,0.7098219113683645,0.6166030573287269,0.6962019323337079,0.7250018346562059,0.7054109758910198,0.695444099389482,0.03394716721482436
0,194,0.004217529296875,0.0004825477330159951,0.0028534650802612303,0.0013904191376695244,0.01,False,True,cyclic,"{'model__alpha': 0.01, 'model__fit_intercept': False, 'model__precompute': True, 'model__selection': 'cyclic'}",-0.5398477203498797,0.6081113133426118,0.30076471617725276,0.4607462038056862,0.24023624685918032,0.5673820738473557,0.405315913806808,0.06188373870018682,0.611046325991548,0.3625962835019785,0.30782350956827287,0.32695999991093333,46,0.7480706008741262,0.6869776068603998,0.6900392344341653,0.6587121336861164,0.6678385265113029,0.7006921676125867,0.6126603018155421,0.6803842325706844,0.723502183216275,0.6963027384382101,0.6865179726019409,0.034756988595131856
0,194,0.007244277000427246,0.006778008070966676,0.002993011474609375,0.0022582702895430572,0.01,False,True,random,"{'model__alpha': 0.01, 'model__fit_intercept': False, 'model__precompute': True, 'model__selection': 'random'}",-0.5254830806385822,0.6080669769563083,0.30139557642940296,0.4609209231358474,0.24436826111084453,0.5672800554275559,0.4079029701614124,0.06202727498807992,0.6112361155220476,0.36517310266199554,0.3102888175754913,0.32327844226197566,36,0.7480518991458298,0.6869776001228314,0.6900311620010446,0.6587120783359685,0.667787157963587,0.7006900880922369,0.6126386712332113,0.680384119070237,0.7235004106300382,0.6962646643771373,0.6865037850972122,0.034759617293099704
0,194,0.010301303863525391,0.0008088657725401329,0.0026944160461425783,0.00045123369864527525,0.01,False,False,cyclic,"{'model__alpha': 0.01, 'model__fit_intercept': False, 'model__precompute': False, 'model__selection': 'cyclic'}",-0.5398477203501162,0.6081113133426497,0.3007647161772562,0.46074620380584674,0.24023624685909795,0.5673820738473756,0.4053159138067649,0.06188373870007102,0.6110463259915928,0.36259628350196815,0.3078235095682507,0.3269599999110203,47,0.7480706008741262,0.6869776068603997,0.6900392344341654,0.6587121336861163,0.6678385265113029,0.7006921676125867,0.6126603018155421,0.6803842325706843,0.7235021832162749,0.6963027384382101,0.6865179726019409,0.034756988595131856
0,194,0.009772920608520507,0.00046628078333606026,0.0026417016983032227,0.0004883638332843146,0.01,False,False,random,"{'model__alpha': 0.01, 'model__fit_intercept': False, 'model__precompute': False, 'model__selection': 'random'}",-0.5285628703744887,0.6081640000786757,0.3003100022273576,0.4606250392380723,0.24363740169288461,0.5673995687267233,0.40780059713450556,0.06192604252443512,0.6114106839117186,0.365201984016186,0.30979124491760696,0.3241189069241041,42,0.7480578006575098,0.6869775999669974,0.6900343336143346,0.6587118915294687,0.6677990073854504,0.7006912667425051,0.612636390316057,0.6803842242407893,0.7234941782431117,0.6962645154581901,0.6865051208154413,0.03475993506751655
0,194,0.0048787593841552734,0.00040645590694449835,0.002653646469116211,0.0007154351232010432,1,True,True,cyclic,"{'model__alpha': 1, 'model__fit_intercept': True, 'model__precompute': True, 'model__selection': 'cyclic'}",-0.5943778964568367,0.527736867351021,0.22531639077975452,0.5342298788452342,0.15948091561098254,0.561352107964579,0.3903212537204913,0.07153583845488287,0.5820258455782392,0.3430530069811414,0.2800674208829489,0.3373485706702051,72,0.7524172225525485,0.7018492367407285,0.6969210122627341,0.6725174003514522,0.6777368228544167,0.7098511133832519,0.6167010981354283,0.6962135557027832,0.7250025792696793,0.7054317244885291,0.695464176574155,0.03392696819477315
0,194,0.0048187255859375,0.00019260018310405172,0.0024107217788696287,0.0004208919811690971,1,True,True,random,"{'model__alpha': 1, 'model__fit_intercept': True, 'model__precompute': True, 'model__selection': 'random'}",-0.5876651757839906,0.5312805354210043,0.22472580900822026,0.5346287101550137,0.15931144212561898,0.5611896169169697,0.3957697513431563,0.08468369238060958,0.581783085922423,0.3467473663529629,0.2832454833841988,0.3353331351397467,59,0.7524112030325711,0.7018365554497936,0.6969199320105521,0.6725159162116863,0.6777233287985425,0.7098085821815164,0.616574503628828,0.6961692561151537,0.7250013095370418,0.7053958861745249,0.6954356473140211,0.03395285428239683
0,194,0.010061383247375488,0.0006327622553952083,0.002549481391906738,0.00035011444928055867,1,True,False,cyclic,"{'model__alpha': 1, 'model__fit_intercept': True, 'model__precompute': False, 'model__selection': 'cyclic'}",-0.5943778964569686,0.5277368673509744,0.22531639077979326,0.534229878845237,0.15948091561097677,0.5613521079645647,0.39032125372049775,0.07153583845485123,0.5820258455782281,0.3430530069810752,0.28006742088292297,0.33734857067023444,73,0.7524172225525485,0.7018492367407285,0.6969210122627338,0.6725174003514522,0.6777368228544167,0.7098511133832517,0.6167010981354284,0.6962135557027832,0.7250025792696793,0.7054317244885292,0.6954641765741552,0.033926968194773116
0,194,0.009444355964660645,0.0004475697718226785,0.0027791261672973633,0.00031293753641739727,1,True,False,random,"{'model__alpha': 1, 'model__fit_intercept': True, 'model__precompute': False, 'model__selection': 'random'}",-0.5886342614247713,0.5305607140286693,0.22502760184745774,0.5348416397011906,0.15938963503415093,0.5613601432071886,0.39577525484978493,0.07769469004285579,0.5817927480580327,0.3459833358037405,0.28237915011482995,0.3359598451670111,70,0.7524127592189993,0.7018408857137176,0.6969190501353831,0.6725144003588246,0.677733326549006,0.7098287282098859,0.6165995651825387,0.6962021184350775,0.7250014326245753,0.7054102883328319,0.695446255476084,0.03394831169147803
0,194,0.00459439754486084,0.0003014911308014956,0.002171015739440918,0.00028304620429248263,1,False,True,cyclic,"{'model__alpha': 1, 'model__fit_intercept': False, 'model__precompute': True, 'model__selection': 'cyclic'}",-0.5398375351126268,0.6081138103225158,0.3007658024372861,0.4607519303424288,0.24024093406380564,0.5673834178400615,0.40532067551977147,0.06188351897154576,0.6110485221973642,0.36259751392335626,0.3078268590505509,0.32695824673327833,44,0.7480705984379716,0.6869776068452778,0.6900392338009262,0.658712133610605,0.6678385206487143,0.7006921675588473,0.6126603021473317,0.680384232674301,0.7235021829847856,0.6963027364948888,0.6865179715203649,0.034756988324516465
0,194,0.004573178291320801,0.00021090807347685762,0.0021422147750854493,0.00023892776118961302,1,False,True,random,"{'model__alpha': 1, 'model__fit_intercept': False, 'model__precompute': True, 'model__selection': 'random'}",-0.5249186861862201,0.6082023431321141,0.3010627068104147,0.4609704345757679,0.24347793086457725,0.5673390595160122,0.4080009375616046,0.062085425212641154,0.6112766356650461,0.36541268034019725,0.31029094674921553,0.32317758656001794,35,0.7480518431254362,0.6869775818538584,0.6900337534349139,0.6587120667342499,0.667805381933898,0.7006916126418852,0.6126434517903911,0.680382823530332,0.7234990085944528,0.6962672188692514,0.6865064742508669,0.034757645321213976
0,194,0.009356999397277832,0.0002646211761965207,0.002290487289428711,0.00022057344808667768,1,False,False,cyclic,"{'model__alpha': 1, 'model__fit_intercept': False, 'model__precompute': False, 'model__selection': 'cyclic'}",-0.539837535112677,0.6081138103224739,0.30076580243730533,0.4607519303423373,0.24024093406389846,0.567383417840027,0.40532067551975604,0.061883518971536766,0.6110485221973648,0.3625975139234334,0.3078268590505456,0.3269582467332801,45,0.7480705984379716,0.6869776068452778,0.6900392338009264,0.658712133610605,0.6678385206487142,0.7006921675588473,0.6126603021473318,0.680384232674301,0.7235021829847856,0.6963027364948889,0.686517971520365,0.03475698832451645
0,194,0.009111833572387696,0.00022388961448025895,0.0022521257400512696,0.0001414835572308019,1,False,False,random,"{'model__alpha': 1, 'model__fit_intercept': False, 'model__precompute': False, 'model__selection': 'random'}",-0.5276571121732396,0.608150127660933,0.3011337484298402,0.4611205983924602,0.24358231258862295,0.5674032042041939,0.40832826639744746,0.06185976722602882,0.6113311242831949,0.3658928054482614,0.3101144842457743,0.323931018088694,39,0.748056528296466,0.6869776034258761,0.6900279057772156,0.6587119496736074,0.6678025169846924,0.700691231639801,0.6126375360255278,0.6803838564742739,0.723497435698369,0.6962424062764385,0.6865028970272269,0.03475893914953852
1,582,0.021068429946899413,0.000873961500845407,0.0022078990936279298,0.0002552480668966056,0.001,False,False,cyclic,"{'model__alpha': 0.001, 'model__fit_intercept': False, 'model__precompute': False, 'model__selection': 'cyclic'}",0.5960087257075808,0.7175659672797146,0.48521327947377635,0.7377155721851907,0.5725238882131638,0.5552669651160662,0.4692328966593937,0.5033466597958691,0.6443889551457687,0.6538403359140263,0.593510324549055,0.08923292207340996,29,0.6448127638641977,0.6223477076623718,0.6037210244301165,0.6139888776295326,0.620206132186804,0.6081257341500826,0.6390255138171248,0.6527766191611849,0.6737379833270927,0.6742394161465897,0.6352981772375097,0.024472400959622075
1,582,0.020378637313842773,0.0015525409376197323,0.002329087257385254,0.0007963320340425616,0.01,False,False,cyclic,"{'model__alpha': 0.01, 'model__fit_intercept': False, 'model__precompute': False, 'model__selection': 'cyclic'}",0.5960087227844582,0.717565969750797,0.48521327752994126,0.7377155737907565,0.5725239033193787,0.5552669835280803,0.46923288891718995,0.5033466655323862,0.6443889753622554,0.653840336773839,0.5935103297289082,0.08923292346924475,27,0.64481276386234,0.6223477076594313,0.6037210244301281,0.6139888776287896,0.6202061321839588,0.6081257341486568,0.6390255138166825,0.6527766191504514,0.6737379833267219,0.6742394161460897,0.6352981772353251,0.024472400959191305
1,582,0.005382633209228516,0.0020344748022246163,0.0021989822387695314,0.0005012362852985057,0.01,False,True,cyclic,"{'model__alpha': 0.01, 'model__fit_intercept': False, 'model__precompute': True, 'model__selection': 'cyclic'}",0.5960087227844826,0.7175659697508112,0.4852132775299184,0.7377155737907792,0.5725239033193266,0.5552669835280502,0.4692328889171903,0.5033466655323832,0.6443889753622671,0.6538403367738611,0.5935103297289069,0.08923292346925818,28,0.64481276386234,0.6223477076594313,0.6037210244301281,0.6139888776287896,0.6202061321839587,0.6081257341486568,0.6390255138166825,0.6527766191504514,0.6737379833267219,0.6742394161460897,0.635298177235325,0.024472400959191315
1,582,0.0290773868560791,0.008094375613743526,0.0027454853057861327,0.0007018836147303703,1,False,False,cyclic,"{'model__alpha': 1, 'model__fit_intercept': False, 'model__precompute': False, 'model__selection': 'cyclic'}",0.5960084012284586,0.7175662415321428,0.4852130636875389,0.7377157503868679,0.5725255649814205,0.5552690088071477,0.46923203722140916,0.5033472965089046,0.6443911991433066,0.6538404313322486,0.5935108994829446,0.08923307702173598,25,0.6448127636412704,0.6223477073050674,0.6037210244142974,0.6139888775261313,0.6202061318435591,0.6081257339714959,0.6390255137285052,0.6527766179392518,0.6737379832622101,0.6742394160706845,0.6352981769702474,0.02447240091101352
1,582,0.007216691970825195,0.0046856815149695615,0.0026543855667114256,0.001285147554584304,1,False,True,cyclic,"{'model__alpha': 1, 'model__fit_intercept': False, 'model__precompute': True, 'model__selection': 'cyclic'}",0.5960084012284728,0.7175662415321447,0.485213063687545,0.7377157503868694,0.5725255649814198,0.5552690088071297,0.46923203722139417,0.5033472965088766,0.6443911991433142,0.6538404313322661,0.5935108994829432,0.08923307702174313,26,0.6448127636412704,0.6223477073050674,0.6037210244142974,0.6139888775261313,0.6202061318435592,0.608125733971496,0.6390255137285052,0.6527766179392518,0.6737379832622102,0.6742394160706844,0.6352981769702474,0.024472400911013503
1,582,0.024763894081115723,0.006881806328147666,0.004892683029174805,0.005860993365854977,1e-05,False,False,random,"{'model__alpha': 1e-05, 'model__fit_intercept': False, 'model__precompute': False, 'model__selection': 'random'}",0.5960288581982804,0.717627584106172,0.4848729262261875,0.7377597385057637,0.5727489979578348,0.5553407007386724,0.4687558082277392,0.5048868613723536,0.6445683065007883,0.6538964839213253,0.5936486265755118,0.08920784146855525,22,0.6448126471563769,0.6223462880062819,0.6037206361035364,0.613988719866371,0.6202039386977369,0.6081253526787775,0.6390238582338735,0.6527656324135145,0.6737378212264753,0.6742393613213176,0.6352964255704262,0.02447186913169247
1,582,0.020293664932250977,0.0040715272061399065,0.0021575212478637694,8.711705588191292e-05,0.01,False,False,random,"{'model__alpha': 0.01, 'model__fit_intercept': False, 'model__precompute': False, 'model__selection': 'random'}",0.5960151976600241,0.7176368140975076,0.48491675109995325,0.7377666540650136,0.5726679203033065,0.5554126724571509,0.469183340493625,0.5042186875795478,0.6446499604782155,0.653953038564004,0.5936421036798347,0.0892191432858026,23,0.6448127508233119,0.6223461588959287,0.6037206920940903,0.613988516941226,0.6202052528422124,0.6081234476015177,0.6390254556783042,0.6527733178457356,0.6737376225553822,0.67423921889848,0.6352972434176188,0.024472540109839465
1,582,0.020772385597229003,0.003985460185328312,0.0024917125701904297,0.0006904585091427793,0.0001,False,False,random,"{'model__alpha': 0.0001, 'model__fit_intercept': False, 'model__precompute': False, 'model__selection': 'random'}",0.5960585078092224,0.7176358531031788,0.4851565638674057,0.7378284079066688,0.572785795189704,0.5554261561687376,0.46896883066021133,0.5045456255638296,0.6444710274836489,0.6539444518785386,0.5936821219631144,0.0891830028227197,20,0.6448121898422221,0.6223462139722011,0.6037210135861882,0.6139880023449041,0.6202030981366681,0.6081234085562373,0.6390249353862776,0.6527704636113751,0.6737379545637472,0.6742392150218832,0.6352966495021704,0.024472495727102254
1,582,0.023011326789855957,0.005429125681748606,0.0028536081314086913,0.0013235654708083039,0.001,False,False,random,"{'model__alpha': 0.001, 'model__fit_intercept': False, 'model__precompute': False, 'model__selection': 'random'}",0.5960837859414945,0.7176696402397795,0.48516291877362605,0.7377891811617427,0.5726942736011319,0.5554250582958438,0.4690727307147782,0.5048747539404999,0.6444140548858939,0.6540113076756591,0.5937197705230448,0.08913674990956397,14,0.6448111545972373,0.6223445335140982,0.6037210162735986,0.6139883538437125,0.6202046448404814,0.6081229362102956,0.6390253028179684,0.6527656938636255,0.6737379785658472,0.674238887866311,0.6352960502393177,0.024472087291556657
1,582,0.02298128604888916,0.006285609461539658,0.002875351905822754,0.0008946304943360832,1,False,False,random,"{'model__alpha': 1, 'model__fit_intercept': False, 'model__precompute': False, 'model__selection': 'random'}",0.5960920045173851,0.7176337844898482,0.4850270911875423,0.7377791423976081,0.5726087423339422,0.5554426057054588,0.4687885823756358,0.5046278722803172,0.6444509174687099,0.6538249671356813,0.5936275709892128,0.08920184717948874,24,0.6448108761201807,0.6223457824921048,0.6037209107938224,0.6139884655807429,0.6202057549916489,0.6081225665591183,0.6390242175011766,0.6527700218748467,0.6737379670725252,0.6742394152499147,0.635296597823608,0.024472361406789784
1,582,0.004307413101196289,0.000440853182000545,0.0020314931869506838,0.00044921663075529793,1e-08,False,True,random,"{'model__alpha': 1e-08, 'model__fit_intercept': False, 'model__precompute': True, 'model__selection': 'random'}",0.5960565648122726,0.7176521759159102,0.4852713409289141,0.7377873531462202,0.5727736674238509,0.5553402445151575,0.46880310034470907,0.5049713761830807,0.6446055532221895,0.6539278287713849,0.593718920526369,0.08915592204000948,15,0.6448123404792013,0.6223446886315338,0.6037210103575564,0.6139884324266012,0.6202038252130763,0.608124572340978,0.6390241018027549,0.652764547235906,0.6737377805565881,0.6742392861073636,0.6352960585151559,0.024471920114029343
1,582,0.024708247184753417,0.00544877573845565,0.00419921875,0.003777965705472603,1e-10,False,False,random,"{'model__alpha': 1e-10, 'model__fit_intercept': False, 'model__precompute': False, 'model__selection': 'random'}",0.5960537609216814,0.7176374128863297,0.48533452251290854,0.7377933342517278,0.5727320447162669,0.5552960463885166,0.4688471844998867,0.5049818657464844,0.6447605890886933,0.6538216830134795,0.5937258444025975,0.08914450836863057,13,0.6448120312235879,0.6223457837681625,0.6037209781735151,0.6139882472148359,0.6202043989600974,0.6081254474074349,0.6390243902163937,0.6527654926056978,0.6737372489781893,0.6742394106830434,0.6352963429230958,0.024471746067436292
1,582,0.006322789192199707,0.004254619410419707,0.0020620346069335936,0.00042935706711971766,0.01,False,True,random,"{'model__alpha': 0.01, 'model__fit_intercept': False, 'model__precompute': True, 'model__selection': 'random'}",0.5960579499354549,0.7176513561176414,0.4849281325030419,0.7377914791390845,0.5726715530502118,0.5554461863397232,0.46925418996818447,0.5047602491208143,0.6445166210996529,0.6539392341643544,0.5937016951438163,0.08914979258311573,18,0.6448122399062073,0.622345502129225,0.6037207414963208,0.6139882771147762,0.6202048807291847,0.6081223789740325,0.6390254450981536,0.6527679705483725,0.6737378979689506,0.6742392337820726,0.6352964567747297,0.02447237477656642
1,582,0.0049113273620605465,0.0008907926916947331,0.0035053253173828124,0.0025243700230597774,1,False,True,random,"{'model__alpha': 1, 'model__fit_intercept': False, 'model__precompute': True, 'model__selection': 'random'}",0.5960925311735783,0.7176645822507495,0.4850902134375358,0.7377976784895396,0.5727515175612466,0.5554691568743957,0.4690951699070136,0.5046169347421109,0.6445520801681843,0.6539598632855984,0.5937089727889951,0.08917003162362555,16,0.6448113012244386,0.6223450107919313,0.603720972825344,0.6139883703998928,0.6202046099147418,0.6081224568497483,0.6390253078192641,0.6527696697086492,0.6737378515199339,0.6742391642266459,0.6352964715280589,0.024472435222301695
1,582,0.005498290061950684,0.0016073569665910332,0.0025637149810791016,0.0008815554930879228,1e-10,False,True,random,"{'model__alpha': 1e-10, 'model__fit_intercept': False, 'model__precompute': True, 'model__selection': 'random'}",0.5960767361872166,0.7176127179563343,0.48523968812088436,0.7378143804944317,0.5727708111552057,0.5554391214956889,0.46920009548952823,0.5043334928551297,0.6445074564198476,0.6540283017472582,0.5937022801921525,0.08916391121077082,17,0.6448110415599388,0.6223459413743235,0.6037210216915598,0.6139881081982927,0.6202037627309138,0.6081227502197681,0.6390254659123653,0.6527724182052872,0.6737379224656087,0.6742387728935468,0.6352967205251605,0.024472559611714254
1,582,0.007839488983154296,0.004595944262139636,0.004133772850036621,0.0031483984652021634,0.001,False,True,random,"{'model__alpha': 0.001, 'model__fit_intercept': False, 'model__precompute': True, 'model__selection': 'random'}",0.5960939996654784,0.7176397635500351,0.48520727641591577,0.7377383734505653,0.5727569668976792,0.5553888234801396,0.4692649710353759,0.5041910770790656,0.6446688379446494,0.6538841054987703,0.5936834195017674,0.08916655604258425,19,0.6448109345553508,0.6223458284660554,0.6037210241143866,0.6139887966897184,0.6202042381886623,0.608123862082796,0.6390254367650092,0.6527729580018076,0.6737375743090952,0.6742393780666494,0.635297003123953,0.02447242810004331
1,582,0.005890011787414551,0.0017317223925241761,0.00240628719329834,0.0007823880683502721,0.0001,False,True,random,"{'model__alpha': 0.0001, 'model__fit_intercept': False, 'model__precompute': True, 'model__selection': 'random'}",0.5960833325453943,0.7176156500268971,0.4851164427089406,0.7377693668334395,0.5727348139622902,0.5554305751600135,0.4690108271853223,0.5044078394939681,0.6446338054669881,0.6539292624119041,0.5936731915795158,0.08919277830672105,21,0.6448117808143375,0.622346572989758,0.6037209937012789,0.6139885745831868,0.6202041495582311,0.6081234555721143,0.6390251568063556,0.6527718117605898,0.6737377231288593,0.6742392654999422,0.6352969484414654,0.024472414814637692
1,582,0.006494927406311035,0.0022158339352957614,0.0025267839431762696,0.0007946827398818825,1e-05,False,True,random,"{'model__alpha': 1e-05, 'model__fit_intercept': False, 'model__precompute': True, 'model__selection': 'random'}",0.5960669883427423,0.717640365622725,0.4852964962225357,0.7377767354288111,0.5726962969830088,0.5553508884887937,0.4693101240762706,0.5050499439658431,0.6445050305351827,0.6539456150827392,0.5937638484748652,0.0890675980629149,12,0.6448117258393956,0.6223457132952877,0.6037209948243278,0.6139886044125051,0.6202051236728832,0.6081253093813124,0.6390253369742033,0.6527642355375023,0.6737379253318151,0.6742392022368432,0.6352964171506075,0.02447167307023464
1,582,0.021277308464050293,0.002422322427289228,0.002544713020324707,0.0007303334649358931,1e-08,False,False,random,"{'model__alpha': 1e-08, 'model__fit_intercept': False, 'model__precompute': False, 'model__selection': 'random'}",0.5960686762247563,0.7176258794909162,0.4853177382960523,0.7378228605208652,0.5726900170155054,0.555415702857956,0.46924342027990495,0.5051288757528067,0.644600256955689,0.6538176684260264,0.5937731095820479,0.08906607415574502,11,0.6448117284478591,0.6223462322960565,0.6037209854033478,0.6139877180841586,0.620205212073158,0.6081227753398157,0.6390254219068021,0.6527648787755931,0.6737377790386618,0.6742394067708894,0.6352962138136343,0.024472056788728293
2,1746,0.004966259002685547,0.0002484757436422564,0.0022165775299072266,0.00023425299389681997,1e-10,False,True,random,"{'model__alpha': 1e-10, 'model__fit_intercept': False, 'model__precompute': True, 'model__selection': 'random'}",0.6315281012793184,0.6900711210962023,0.541227899445218,0.6073572202542539,0.5964527415349584,0.5793619122618523,0.684980033584836,0.42263100477495763,0.5352820826926508,0.6790770152965437,0.5967969132220792,0.07878704355562832,10,0.6379507947468261,0.6128445049753781,0.6337515281797297,0.6249827423053025,0.6369720764208174,0.6312567198694722,0.6226372944075074,0.6458645527580229,0.6202227343443019,0.5954118257274177,0.6261894773734775,0.013782567045896702
2,1746,0.005115222930908203,0.00031748145646925193,0.0022681474685668944,0.0002445898089198838,1,False,True,random,"{'model__alpha': 1, 'model__fit_intercept': False, 'model__precompute': True, 'model__selection': 'random'}",0.6315750872975681,0.6901826030686827,0.5412308030915687,0.6073637412455617,0.5964532001220377,0.5793690719605729,0.6849722123778412,0.4226521486162941,0.5352796477199735,0.6790990567702143,0.5968177572270316,0.07879898575677084,6,0.6379492814061207,0.6128428813436914,0.6337515650460634,0.6249827394988725,0.6369720758294195,0.6312567241917275,0.6226372108151987,0.6458642990292978,0.6202226983702384,0.5954120729704826,0.6261891548501113,0.013782509567642888
2,1746,0.005417132377624511,0.0003989970708822747,0.0024378061294555663,0.0003821782364669359,1e-08,False,True,random,"{'model__alpha': 1e-08, 'model__fit_intercept': False, 'model__precompute': True, 'model__selection': 'random'}",0.6315763479043596,0.6901032490975534,0.5413575631895581,0.6073700118251354,0.5964416830335532,0.5793465144671557,0.6849330713101125,0.42264945391127495,0.5352980720000367,0.6791266888297509,0.596820265556849,0.07877896283875031,5,0.6379499489876619,0.6128441590181017,0.6337516385205356,0.6249830168362644,0.6369720624661113,0.6312573025306271,0.622637232364874,0.6458646728489694,0.6202221145812843,0.5954122222120983,0.6261894370366529,0.013782509392289956
2,1746,0.05446240901947021,0.004246809940888538,0.0026105403900146484,0.0005950772148935024,0.001,False,False,random,"{'model__alpha': 0.001, 'model__fit_intercept': False, 'model__precompute': False, 'model__selection': 'random'}",0.6315752172582545,0.6900995054493825,0.5412723006450835,0.6073723886075011,0.5964608536185119,0.5793041331376427,0.684961817275602,0.42264129471964385,0.5352711246549211,0.6790928168103163,0.5968051452176859,0.07878902538542411,8,0.6379498334013569,0.6128441516433865,0.6337516704063204,0.6249830133997785,0.6369720493012972,0.6312582724278366,0.6226372873158723,0.6458649220029951,0.6202224658861117,0.5954120236057374,0.6261895689390693,0.013782599951455726
2,1746,0.05616848468780518,0.008572384565385087,0.0025052309036254885,0.00044630460288622604,1e-10,False,False,random,"{'model__alpha': 1e-10, 'model__fit_intercept': False, 'model__precompute': False, 'model__selection': 'random'}",0.6315408521688544,0.6901034026828425,0.5412866311671247,0.6073613909668774,0.5964481773283654,0.5793172424311909,0.6849324206854275,0.422665424239138,0.5352919204284772,0.6790797649725872,0.5968027227070885,0.07877491796569842,9,0.63795091238413,0.6128442428270218,0.6337516939938981,0.6249827934093835,0.6369720733168484,0.631257280130445,0.6226371713716792,0.6458643446984638,0.6202218796924994,0.5954118587693078,0.6261894250593676,0.013782634567669622
2,1746,0.0050624370574951175,0.0005338287736000755,0.002097463607788086,0.00021366394664718943,1e-05,False,True,random,"{'model__alpha': 1e-05, 'model__fit_intercept': False, 'model__precompute': True, 'model__selection': 'random'}",0.6315785825965556,0.690114833520473,0.5412602104379916,0.6073627176175624,0.5964695745847802,0.5793764302667497,0.6848931153114097,0.42265424374669835,0.5352893254103321,0.6791457926724145,0.5968144826164966,0.07878367159621986,7,0.6379488274005998,0.6128440469063225,0.6337516505863514,0.6249828627702122,0.6369720235441847,0.6312568176597263,0.6226372925680285,0.6458638638786776,0.6202219083609282,0.5954124260228485,0.6261891719697881,0.013782252063761501
2,1746,0.054060840606689455,0.004552531712784883,0.002430248260498047,0.000572562660000289,1e-08,False,False,random,"{'model__alpha': 1e-08, 'model__fit_intercept': False, 'model__precompute': False, 'model__selection': 'random'}",0.6315972753241387,0.6901143768700717,0.5413716201633061,0.60736365489281,0.5964948224023603,0.579308471907868,0.6849451062418511,0.42265810084328137,0.5352857923252341,0.6791619492004819,0.5968301170171403,0.07878502791325176,4,0.6379490848244582,0.6128440245654841,0.6337516072019851,0.6249828231109309,0.6369704364185573,0.6312579543399505,0.6226368974274651,0.6458642964820525,0.6202229161580296,0.5954125542336313,0.6261892594762545,0.013782191473935756
3,5238,0.006413054466247558,0.0004540470994203791,0.002472209930419922,0.0002508629548891471,1,False,True,random,"{'model__alpha': 1, 'model__fit_intercept': False, 'model__precompute': True, 'model__selection': 'random'}",0.5847500490965883,0.6641246471529538,0.6016868349793895,0.6188687021989575,0.6315793464949992,0.6409613828224872,0.5964139672739304,0.48856297704787466,0.583147343674292,0.6239744495843214,0.6034069700325795,0.04533461838702197,1,0.6156480023945358,0.6058157964725908,0.6152414935217674,0.6135206838237006,0.6108858820266512,0.6085179281637778,0.6143880934865855,0.6222239798455597,0.615050995299099,0.6101280086987632,0.6131420863733031,0.0043328997530834
3,5238,0.007152199745178223,0.001921836162391682,0.0023268461227416992,0.0001618084647084483,1e-08,False,True,random,"{'model__alpha': 1e-08, 'model__fit_intercept': False, 'model__precompute': True, 'model__selection': 'random'}",0.5847910087519382,0.6641219915180812,0.6016299941231356,0.6188402892984484,0.6315830415513395,0.6409579833826489,0.5963794168398205,0.4885780170378766,0.5831450594510479,0.6239802853926506,0.6034007087346986,0.045328868647029744,3,0.6156477710055845,0.6058157916678726,0.6152407785811247,0.6135216068530529,0.6108858010582666,0.6085180991697057,0.6143878056594898,0.6222243490372248,0.6150509358242784,0.6101280420239745,0.6131420980880575,0.004332910761233751
3,5238,0.17434260845184327,0.020989272540338968,0.0024557113647460938,0.00014317904159351412,1e-08,False,False,random,"{'model__alpha': 1e-08, 'model__fit_intercept': False, 'model__precompute': False, 'model__selection': 'random'}",0.5847739699910504,0.6641338548623514,0.6017296226448984,0.6188216082920401,0.6315626758542812,0.6409619354835674,0.5964108832186388,0.4885612019540043,0.5831369114102165,0.6239475157654981,0.6034040179476545,0.045331856220130966,2,0.6156479042011296,0.6058155510209913,0.6152416444372896,0.6135219972926678,0.610886278498181,0.6085179909602647,0.6143880872381907,0.6222238230076307,0.6150506794015846,0.6101269912925679,0.6131420947350499,0.004332950857410508
